Geography_ID,Country,Region,City
1,US,Region_3,City_4
2,India,Region_5,City_10
3,Brazil,Region_3,City_5
4,US,Region_1,City_1
5,UK,Region_3,City_6
6,India,Region_1,City_4
7,US,Region_4,City_3
8,Germany,Region_2,City_3
9,UK,Region_4,City_10
10,UK,Region_1,City_5
11,India,Region_1,City_5
12,US,Region_1,City_6
13,Mexico,Region_5,City_7
14,Germany,Region_2,City_2
15,India,Region_4,City_4
16,France,Region_1,City_1
17,US,Region_5,City_1
18,US,Region_1,City_7
19,UK,Region_2,City_1
20,Canada,Region_4,City_6
21,France,Region_2,City_8
22,US,Region_1,City_9
23,Germany,Region_2,City_8
24,Australia,Region_2,City_1
25,Brazil,Region_2,City_4
26,Australia,Region_1,City_7
27,US,Region_2,City_7
28,US,Region_3,City_3
29,India,Region_5,City_4
30,US,Region_1,City_5
31,US,Region_3,City_7
32,US,Region_2,City_9
33,Brazil,Region_2,City_2
34,US,Region_5,City_7
35,US,Region_4,City_2
36,US,Region_4,City_10
37,France,Region_4,City_5
38,US,Region_1,City_10
39,US,Region_3,City_10
40,US,Region_3,City_8
41,US,Region_5,City_5
42,Mexico,Region_5,City_5
43,US,Region_4,City_8
44,Mexico,Region_3,City_7
45,India,Region_4,City_5
46,US,Region_2,City_8
47,India,Region_4,City_2
48,UK,Region_2,City_5
49,US,Region_2,City_5
50,US,Region_4,City_5
51,India,Region_5,City_5
52,Canada,Region_3,City_7
53,Australia,Region_1,City_4
54,US,Region_3,City_9
55,US,Region_2,City_2
56,UK,Region_5,City_8
57,India,Region_5,City_7
58,US,Region_1,City_3
59,India,Region_3,City_6
60,Mexico,Region_5,City_2
61,Germany,Region_3,City_6
62,Germany,Region_5,City_5
63,US,Region_4,City_9
64,US,Region_3,City_2
65,US,Region_1,City_8
66,UK,Region_2,City_10
67,Germany,Region_1,City_6
68,Japan,Region_3,City_9
69,US,Region_4,City_1
70,UK,Region_2,City_2
71,Japan,Region_5,City_4
72,Canada,Region_3,City_6
73,US,Region_5,City_9
74,US,Region_5,City_6
75,Australia,Region_4,City_8
76,France,Region_1,City_4
77,Australia,Region_2,City_3
78,India,Region_5,City_9
79,Germany,Region_3,City_2
80,Brazil,Region_2,City_1
81,France,Region_2,City_6
82,Germany,Region_4,City_1
83,Australia,Region_4,City_3
84,UK,Region_1,City_3
85,Japan,Region_4,City_9
86,UK,Region_2,City_3
87,India,Region_2,City_9
88,US,Region_5,City_10
89,India,Region_2,City_3
90,US,Region_3,City_1
91,UK,Region_3,City_2
92,India,Region_1,City_10
93,Japan,Region_3,City_8
94,US,Region_2,City_6
95,US,Region_1,City_2
96,Australia,Region_1,City_2
97,Japan,Region_5,City_5
98,Brazil,Region_4,City_4
99,India,Region_3,City_7
100,Canada,Region_5,City_8
101,Canada,Region_5,City_10
102,France,Region_5,City_6
103,France,Region_2,City_1
104,India,Region_4,City_1
105,US,Region_4,City_6
106,Japan,Region_2,City_5
107,Brazil,Region_2,City_5
108,India,Region_4,City_8
109,France,Region_5,City_9
110,India,Region_4,City_7
111,India,Region_5,City_8
112,Australia,Region_5,City_8
113,UK,Region_3,City_7
114,Brazil,Region_4,City_9
115,Japan,Region_1,City_7
116,Australia,Region_5,City_6
117,Canada,Region_2,City_7
118,India,Region_2,City_7
119,Brazil,Region_1,City_4
120,Canada,Region_3,City_5
121,Japan,Region_1,City_9
122,Germany,Region_2,City_10
123,Australia,Region_2,City_10
124,Germany,Region_4,City_4
125,Mexico,Region_4,City_7
126,Japan,Region_5,City_2
127,France,Region_5,City_4
128,India,Region_5,City_1
129,Germany,Region_4,City_2
130,France,Region_3,City_10
131,Japan,Region_2,City_8
132,Canada,Region_2,City_5
133,Canada,Region_4,City_1
134,Australia,Region_3,City_2
135,US,Region_5,City_8
136,Canada,Region_1,City_4
137,India,Region_2,City_2
138,US,Region_4,City_4
139,India,Region_3,City_2
140,Japan,Region_4,City_4
141,US,Region_2,City_1
142,US,Region_5,City_3
143,France,Region_5,City_1
144,US,Region_5,City_4
145,France,Region_4,City_9
146,Canada,Region_4,City_9
147,Germany,Region_2,City_1
148,Australia,Region_5,City_4
149,UK,Region_4,City_6
150,US,Region_2,City_10
151,Australia,Region_3,City_6
152,UK,Region_5,City_6
153,France,Region_3,City_8
154,US,Region_4,City_7
155,US,Region_3,City_5
156,Australia,Region_1,City_5
157,Japan,Region_4,City_5
158,India,Region_2,City_5
159,US,Region_2,City_4
160,Japan,Region_4,City_10
161,France,Region_2,City_10
162,France,Region_2,City_3
163,Japan,Region_3,City_2
164,Germany,Region_5,City_10
165,Canada,Region_4,City_5
166,Mexico,Region_1,City_10
167,Australia,Region_1,City_3
168,UK,Region_3,City_8
169,Japan,Region_3,City_10
170,UK,Region_2,City_6
171,Japan,Region_5,City_10
172,Japan,Region_5,City_3
173,India,Region_4,City_6
174,India,Region_3,City_9
175,UK,Region_1,City_4
176,UK,Region_3,City_1
177,UK,Region_5,City_1
178,France,Region_4,City_1
179,Australia,Region_5,City_1
180,Australia,Region_3,City_3
181,US,Region_5,City_2
182,Germany,Region_1,City_7
183,India,Region_3,City_10
184,Australia,Region_2,City_8
185,Brazil,Region_5,City_5
186,UK,Region_2,City_9
187,UK,Region_5,City_4
188,Australia,Region_5,City_5
189,Australia,Region_2,City_4
190,India,Region_1,City_8
191,India,Region_2,City_8
192,Germany,Region_3,City_3
193,US,Region_3,City_6
194,India,Region_3,City_8
195,Australia,Region_1,City_8
196,US,Region_1,City_4
197,France,Region_5,City_3
198,Australia,Region_5,City_3
199,Japan,Region_1,City_8
200,UK,Region_4,City_9
201,UK,Region_1,City_9
202,India,Region_1,City_9
203,UK,Region_4,City_4
204,UK,Region_3,City_3
205,Canada,Region_4,City_10
206,India,Region_3,City_3
207,Brazil,Region_5,City_2
208,Germany,Region_5,City_2
209,Brazil,Region_3,City_1
210,Australia,Region_3,City_9
211,Canada,Region_5,City_3
212,Mexico,Region_2,City_1
213,Japan,Region_2,City_4
214,Australia,Region_3,City_8
215,Japan,Region_5,City_6
216,France,Region_5,City_5
217,UK,Region_4,City_1
218,Japan,Region_1,City_10
219,US,Region_2,City_3
220,UK,Region_5,City_2
221,France,Region_4,City_7
222,Canada,Region_5,City_6
223,India,Region_3,City_5
224,UK,Region_3,City_5
225,Canada,Region_4,City_3
226,India,Region_1,City_2
227,Brazil,Region_5,City_4
228,UK,Region_1,City_2
229,Mexico,Region_1,City_7
230,France,Region_3,City_9
231,India,Region_1,City_1
232,Canada,Region_2,City_6
233,Mexico,Region_2,City_10
234,India,Region_2,City_10
235,Mexico,Region_3,City_3
236,Australia,Region_2,City_7
237,India,Region_5,City_3
238,France,Region_3,City_3
239,Japan,Region_5,City_8
240,Germany,Region_4,City_5
241,UK,Region_4,City_2
242,Canada,Region_1,City_10
243,Canada,Region_3,City_10
244,India,Region_1,City_3
245,Canada,Region_5,City_7
246,UK,Region_5,City_7
247,Canada,Region_4,City_4
248,France,Region_5,City_8
249,Germany,Region_3,City_8
250,Australia,Region_4,City_7
251,Germany,Region_3,City_4
252,France,Region_1,City_7
253,Canada,Region_3,City_9
254,Australia,Region_4,City_1
255,UK,Region_4,City_3
256,Germany,Region_1,City_9
257,Japan,Region_3,City_7
258,UK,Region_4,City_7
259,UK,Region_1,City_10
260,Canada,Region_1,City_1
261,France,Region_4,City_8
262,France,Region_2,City_2
263,Brazil,Region_5,City_1
264,UK,Region_4,City_8
265,Mexico,Region_2,City_6
266,Canada,Region_1,City_2
267,Brazil,Region_1,City_10
268,Germany,Region_2,City_5
269,Canada,Region_5,City_2
270,India,Region_3,City_1
271,Australia,Region_1,City_9
272,France,Region_4,City_3
273,Mexico,Region_1,City_5
274,Canada,Region_2,City_1
275,Canada,Region_5,City_5
276,Brazil,Region_5,City_3
277,Australia,Region_2,City_5
278,Germany,Region_2,City_9
279,Japan,Region_4,City_8
280,Germany,Region_1,City_1
281,Australia,Region_4,City_2
282,Germany,Region_4,City_9
283,Japan,Region_1,City_2
284,France,Region_1,City_9
285,Germany,Region_5,City_6
286,India,Region_3,City_4
287,Germany,Region_4,City_3
288,Germany,Region_3,City_9
289,Germany,Region_1,City_4
290,India,Region_2,City_4
291,Australia,Region_3,City_10
292,France,Region_2,City_5
293,France,Region_3,City_2
294,UK,Region_1,City_6
295,Germany,Region_3,City_7
296,India,Region_4,City_3
297,Germany,Region_2,City_4
298,Germany,Region_4,City_10
299,France,Region_4,City_2
300,Brazil,Region_4,City_5
301,Mexico,Region_2,City_9
302,Canada,Region_1,City_9
303,Japan,Region_3,City_6
304,Australia,Region_5,City_10
305,India,Region_4,City_10
306,France,Region_1,City_6
307,India,Region_5,City_2
308,Brazil,Region_3,City_7
309,India,Region_1,City_7
310,Australia,Region_5,City_2
311,India,Region_1,City_6
312,Canada,Region_1,City_5
313,Canada,Region_3,City_8
314,Australia,Region_5,City_7
315,India,Region_2,City_6
316,Brazil,Region_1,City_3
317,Canada,Region_1,City_7
318,Australia,Region_5,City_9
319,Canada,Region_1,City_6
320,Japan,Region_2,City_10
321,Japan,Region_2,City_6
322,Canada,Region_5,City_9
323,UK,Region_2,City_4
324,France,Region_5,City_7
325,Canada,Region_4,City_8
326,Mexico,Region_5,City_4
327,Japan,Region_5,City_7
328,Canada,Region_2,City_10
329,Germany,Region_5,City_9
330,Australia,Region_1,City_1
331,Mexico,Region_4,City_8
332,India,Region_2,City_1
333,Mexico,Region_4,City_3
334,Canada,Region_3,City_1
335,Mexico,Region_1,City_2
336,France,Region_2,City_4
337,Brazil,Region_1,City_6
338,Germany,Region_4,City_6
339,Germany,Region_3,City_5
340,Canada,Region_5,City_4
341,Japan,Region_4,City_6
342,Canada,Region_2,City_3
343,Canada,Region_3,City_3
344,Canada,Region_4,City_2
345,UK,Region_5,City_9
346,Japan,Region_4,City_3
347,Canada,Region_4,City_7
348,Brazil,Region_2,City_8
349,Brazil,Region_4,City_1
350,UK,Region_3,City_10
351,Japan,Region_2,City_9
352,Germany,Region_4,City_7
353,Australia,Region_3,City_5
354,Canada,Region_2,City_2
355,Germany,Region_5,City_3
356,Australia,Region_4,City_6
357,Germany,Region_2,City_6
358,India,Region_5,City_6
359,Mexico,Region_1,City_9
360,France,Region_3,City_7
361,Australia,Region_4,City_4
362,France,Region_1,City_3
363,Canada,Region_5,City_1
364,Brazil,Region_4,City_6
365,Brazil,Region_1,City_8
366,Australia,Region_3,City_7
367,France,Region_4,City_10
368,Mexico,Region_5,City_9
369,UK,Region_4,City_5
370,India,Region_4,City_9
371,UK,Region_1,City_8
372,Germany,Region_5,City_1
373,UK,Region_5,City_10
374,Germany,Region_2,City_7
375,Mexico,Region_4,City_5
376,Japan,Region_2,City_1
377,Mexico,Region_3,City_10
378,Canada,Region_2,City_9
379,Japan,Region_2,City_7
380,Germany,Region_3,City_1
381,Brazil,Region_3,City_4
382,Mexico,Region_2,City_3
383,UK,Region_2,City_8
384,Mexico,Region_4,City_6
385,Mexico,Region_5,City_10
386,UK,Region_1,City_1
387,Canada,Region_2,City_4
388,Japan,Region_2,City_2
389,Mexico,Region_5,City_3
390,Germany,Region_1,City_10
391,Brazil,Region_1,City_9
392,France,Region_2,City_7
393,Brazil,Region_4,City_2
394,Australia,Region_4,City_9
395,France,Region_3,City_6
396,UK,Region_5,City_3
397,France,Region_3,City_1
398,France,Region_1,City_10
399,Australia,Region_3,City_4
400,France,Region_1,City_2
401,UK,Region_3,City_9
402,Brazil,Region_2,City_7
403,Canada,Region_2,City_8
404,UK,Region_1,City_7
405,Japan,Region_1,City_3
406,Germany,Region_1,City_5
407,Mexico,Region_4,City_9
408,France,Region_1,City_8
409,UK,Region_5,City_5
410,Canada,Region_3,City_4
411,France,Region_5,City_10
412,Brazil,Region_3,City_9
413,UK,Region_3,City_4
414,Brazil,Region_5,City_7
415,Germany,Region_1,City_2
416,Japan,Region_4,City_2
417,Mexico,Region_1,City_4
418,Australia,Region_2,City_6
419,Mexico,Region_2,City_4
420,Australia,Region_2,City_9
421,Brazil,Region_2,City_3
422,Japan,Region_1,City_5
423,Brazil,Region_4,City_7
424,Japan,Region_1,City_1
425,France,Region_4,City_6
426,Germany,Region_4,City_8
427,Mexico,Region_3,City_4
428,Australia,Region_1,City_10
429,France,Region_1,City_5
430,Mexico,Region_1,City_3
431,Japan,Region_1,City_4
432,Brazil,Region_4,City_3
433,Brazil,Region_1,City_7
434,France,Region_4,City_4
435,Mexico,Region_4,City_10
436,Brazil,Region_3,City_8
437,Australia,Region_1,City_6
438,Germany,Region_5,City_7
439,Germany,Region_1,City_8
440,Brazil,Region_1,City_2
441,France,Region_2,City_9
442,Mexico,Region_2,City_5
443,Canada,Region_1,City_3
444,Brazil,Region_2,City_10
445,UK,Region_2,City_7
446,Japan,Region_4,City_1
447,Mexico,Region_3,City_5
448,Brazil,Region_5,City_9
449,Germany,Region_5,City_4
450,Japan,Region_2,City_3
451,Australia,Region_4,City_5
452,Brazil,Region_3,City_10
453,Mexico,Region_5,City_1
454,France,Region_3,City_5
455,Mexico,Region_1,City_8
456,Japan,Region_3,City_5
457,Mexico,Region_3,City_9
458,Mexico,Region_4,City_2
459,Japan,Region_3,City_4
460,Mexico,Region_3,City_6
461,Australia,Region_4,City_10
462,Mexico,Region_5,City_8
463,Mexico,Region_1,City_6
464,Mexico,Region_1,City_1
465,Germany,Region_3,City_10
466,Germany,Region_5,City_8
467,Mexico,Region_3,City_2
468,France,Region_3,City_4
469,Brazil,Region_4,City_10
470,Mexico,Region_3,City_1
471,Brazil,Region_2,City_9
472,Germany,Region_1,City_3
473,Mexico,Region_4,City_1
474,Canada,Region_3,City_2
475,Mexico,Region_2,City_7
476,Brazil,Region_3,City_6
477,Japan,Region_5,City_9
478,Mexico,Region_4,City_4
479,Brazil,Region_1,City_5
480,Canada,Region_1,City_8
481,Australia,Region_3,City_1
482,Brazil,Region_1,City_1
483,Brazil,Region_3,City_2
484,Brazil,Region_2,City_6
485,Brazil,Region_5,City_8
486,Japan,Region_3,City_3
487,Japan,Region_1,City_6
488,Brazil,Region_5,City_6
489,Brazil,Region_5,City_10
490,Mexico,Region_5,City_6
491,Japan,Region_3,City_1
492,Mexico,Region_3,City_8
493,Brazil,Region_4,City_8
494,Australia,Region_2,City_2
495,Mexico,Region_2,City_8
496,Japan,Region_4,City_7
497,Brazil,Region_3,City_3
498,Japan,Region_5,City_1
499,France,Region_5,City_2
500,Mexico,Region_2,City_2
